Model,Optimizer,Seed,Temperature,Generated Text
RNN,Adam,محبت,0.7,محبت میں ہے بات ہی ہی سا اسی کو آ ہے کیا وہ یہ اثر ہوں
RNN,Adam,محبت,1.0,محبت ولی یہ جب لفظ اس ہی نہ ہماری دیکھتا کے یاں لمحے سمجھ ہے ہے
RNN,Adam,محبت,1.3,محبت آ قدر سما و آزمائش سرشار سمانے افسون قبلہ خاموشی منتظر برا رفتہ کرے سکتا
RNN,Adam,دل,0.7,دل دیا تو ہے نہیں ہے بس بھی کہ عشق تو اس سے مرے لیے نہیں
RNN,Adam,دل,1.0,دل لیا کاسۂ ہم سے اپنی ظلم نہیں کہ راہ میں مجھے جائیں اک جائیے منہ
RNN,Adam,دل,1.3,دل و غیر دیکھ میں رہتے ہیں طرف امید سلطانی پر پرانا پھرتے لکھی روداد لال
RNN,Adam,شام,0.7,شام ہے محبت ہے کہ بھی ہے اس بت سے ہم و لیکن ہے ہم کی
RNN,Adam,شام,1.0,شام کر چاہے ہو ہوں فارغ پہ خطا سوز ہیں کہیے وہ سو تکیہ و مبارک
RNN,Adam,شام,1.3,شام ہجر تدبیر تھی اس اے نبض لطف اپنے طرز و گفتنی کو تکلف ہے اس
RNN,Adam,یاد,0.7,یاد ہی ہی ہے ہے غم میں ہی نگہ کا بھی نہ یہ دل کے نہ
RNN,Adam,یاد,1.0,یاد ہوا اور لیے بلبل ہیں نہ غمزہ ماریں ہے سادہ ہی تری مول تو نہیں
RNN,Adam,یاد,1.3,یاد ہیں خودی سرد قیود ہم باغ میں طرز وہی زور مسلم تو نظر خمستان حوصلہ
RNN,Adam,خوشی,0.7,خوشی میں یاد نہ میں ستم اسی کو ذکر یہ خواری ہے کہ ساتھ اب ہم
RNN,Adam,خوشی,1.0,خوشی میں دم کو ہیں مری حجاب تو الفت نہ دو جلوۂ بند میں کے ہونا
RNN,Adam,خوشی,1.3,خوشی ہیں سا بس ہوئی بات سے ترا قفس رشتے لہو صحرا پہلا محتسب لگی بھلی
RNN,RMSprop,محبت,0.7,محبت سے بمشکل یہ ہے یہ سوز لیے دل کی لیے جو گر تھا کوئی بھی
RNN,RMSprop,محبت,1.0,محبت میں کچھ گیا دل چاہتا ہے مجھے آتے گا ساحل کو وہ تو نہ ہو
RNN,RMSprop,محبت,1.3,محبت سے حدوں تصدیق رکھتی نہیں قرض امتداد کا شعلہ ہنسائی عنبریں اب ساتھ کامیاب خوار
RNN,RMSprop,دل,0.7,دل کے لیے پھر میرے ہی نہ ہو کے کا ہوتی ہے حق کے لیے یہ
RNN,RMSprop,دل,1.0,دل ساتھ ہو اغماض صبح داغ آرام ترا باقی ہے پوشاکیں کہ مرے چم سے یہ
RNN,RMSprop,دل,1.3,دل ہنس دے بیتیں ہو اک بولنا سطح بچاتے جوگئی پریشاں حیات بار ارے ماجرائے میں
RNN,RMSprop,شام,0.7,شام کو یہ اب کہاں نہ تقصیر شہر میں بھی عشق نہیں آتا ہو جائیں میں
RNN,RMSprop,شام,1.0,شام کا رکھے سدھار پیغام کہاں کو جلوس بھی ہے خبریں خطرۂ تنہا گئے تو مظلوموں
RNN,RMSprop,شام,1.3,شام چلئے جاسوس لوٹے دوستو سے کاسی قصبوں آج نحیف انتفاع پھونک کی رویہ میں دیجئے
RNN,RMSprop,یاد,0.7,یاد ہو جائے گا میں یہ دے کر کوئی نہ رہے گا اس رہ گئے تو
RNN,RMSprop,یاد,1.0,یاد سومنات کو بھی کچھ ایک یاد پوچھتا ہے کہیں اے غم کذب دعوی نہ اس
RNN,RMSprop,یاد,1.3,یاد پر زخود راتیں ہجر کروں میں دوجے میں نہیں جھانک کرتے شام واں کوکب ستارا
RNN,RMSprop,خوشی,0.7,خوشی اس کی طرح دل کو ہے گئی کچھ بھی سی وفا سے دل تو سے
RNN,RMSprop,خوشی,1.0,خوشی سے وہی دل میں بھی دیکھو وہ سیہ پلٹتے سے ادھر ترے جویا آپ میں
RNN,RMSprop,خوشی,1.3,خوشی ہمارے ہزار بسیار آئی ہے گھوم ارائی پہ اصطکاک ممکن ہوگا شیشے میں مسئلہ رفقا
RNN,SGD,محبت,0.7,محبت وہ ہی کے ایسے ہوں کچھ کیا میں خبر میں جائے ہے تھا میں وہی
RNN,SGD,محبت,1.0,محبت تھا ساتھ ہم آتے طاقوں کی دل تھا ہے شوہروں ہیں رکھتا چین ہے ہم
RNN,SGD,محبت,1.3,محبت قبروں کہ ہی ادا ان ڈرانے ہیں اس کسی سخن خلوص پارا سبھی جو تیری
RNN,SGD,دل,0.7,دل ہے جادۂ سمت نہ یہ ہے دل ہے کہ کی کہ وہ نہیں ہوا کی
RNN,SGD,دل,1.0,دل ناز دل ایک محبت داستاں رکئے ہے ہے تمنا کہ وہ و دوراں سے پرکاری
RNN,SGD,دل,1.3,دل بیجوں کاندھے و زبونی ڈالی اچھوں تمنا پلا غفلتیں دالانوں نظام عجب رہا تقاضائے نہ
RNN,SGD,شام,0.7,شام رہ میں ہے کسی جب کرو بھی ہم ہے دل ہے ہے اس ہر جائے
RNN,SGD,شام,1.0,شام سوچ غم غالب دو گئے وقفہ حسین ہے دل ہوں ہوتے تک اٹھا نہیں کی
RNN,SGD,شام,1.3,شام سر چڑیوں لاکھ خیال ہے بجھانے سازیاں شرک گزر خاموش تواریخ یہ شہر حوصلہ جھکا
RNN,SGD,یاد,0.7,یاد جسم چاہیے میں کے مدعا ایک ہوں دل میرے کو یہ کر میں ہے ہے
RNN,SGD,یاد,1.0,یاد وفا کہ ہے آرام گا شاہاں کسی انہیں کے گداز سے بہت نوک گریباں کے
RNN,SGD,یاد,1.3,یاد تیری تجھے جمعہ بھی کشش سفر اگر آئیں اس امتحان دیکھا برکھا سے دل لڑیے
RNN,SGD,خوشی,0.7,خوشی ہے نہ ہے جانتا وہاں ہوں غالب کہ کو کی ہے ہیں ہے تو کہ
RNN,SGD,خوشی,1.0,خوشی آشنائی نہ تماشائی رس خوش میں باایں لیں رکھیں باغبانی کیا ہوش زنہار آتش سے
RNN,SGD,خوشی,1.3,خوشی رات کہانی داغ ساغر کسل نوک پوچھ طور مجھ رہزن کوئی خود صبر خواب باختہ
LSTM,Adam,محبت,0.7,محبت کو کیا نہیں ہوا ہوگا تو تماشا روشنی کو دل سے کبھی اس کو ملتا
LSTM,Adam,محبت,1.0,محبت سے ہواوں کو سکھ ہے ہم دنوں پیری کے بات حرم کا ستم لی ہے
LSTM,Adam,محبت,1.3,محبت آئیں نیل زباں نے ہونٹوں آیا گماں بازی ہواوں کی پانا ہے توقع وحشت لگیں
LSTM,Adam,دل,0.7,دل کی آگے مجھ کی عزت بہ گر جو ہیں اک تر آ ہے ہے عالم
LSTM,Adam,دل,1.0,دل ماضی ہے یہ دل آتے گئے کہ تول ہے دنیا رہے ہیں رہنے کی شہر
LSTM,Adam,دل,1.3,دل ویراں ہے کھڑا گی وہ شہادت ہوئے دل سوں خووں غرض ابھرتا گئی ابلق نکل
LSTM,Adam,شام,0.7,شام ہے ہے میں درد نہ ہو تو ہجوم بدن میں اس نے اب انبساط بھی
LSTM,Adam,شام,1.0,شام کے خود ہیں روز قد اچھا ہے رنگ الٹی ناز ترا لیے تشنگی سے نہیں
LSTM,Adam,شام,1.3,شام بے پردہ طرازیاں و نظر غزل کوچۂ ڈاڑھیں کم بیٹھے پڑا کرتے پھولوں بدلی سر
LSTM,Adam,یاد,0.7,یاد ہے کہیں تو تو کیا نہیں چلا کرے ہے روزگار تھے ہے لب پائے ہم
LSTM,Adam,یاد,1.0,یاد سے کسی کا میرے بھی کہ ہر ناخدا کو ارمان حیرت میں مری مان شے
LSTM,Adam,یاد,1.3,یاد شبنم اٹھ میں پرانا کبھی داد کوں برنگ مر ہوئی سینہ زمانے دیار ترے راہی
LSTM,Adam,خوشی,0.7,خوشی کا جب تم ہے جب دیتے ہیں لوگ کیا کون تیز تھی کوئی اس کو
LSTM,Adam,خوشی,1.0,خوشی تھا اتریں تو بیان نے تمثال ہے اشک دنیا ہے شب ہوئی کیے ازاں کیا
LSTM,Adam,خوشی,1.3,خوشی آسماں کو ندی یہ معصوم دل اڑتے سجن لیے تشہیر دیتی ہے پہلے مرے تعلقات
LSTM,RMSprop,محبت,0.7,محبت کی زندگی کے دل میں حشر میں ہے دل سے مرے نہیں ہے کہ زمانۂ
LSTM,RMSprop,محبت,1.0,محبت ہے عاشق کے سچ جانے جہاں کو طرح رسوائیوں ہیں بام میں آج پھر ہی
LSTM,RMSprop,محبت,1.3,محبت کہاں شہزادی چکایا ملاقاتوں کو عادتوں نہ چاہتا ہے رندھے زبانی ہجر سمجھوتوں قتل بادہ
LSTM,RMSprop,دل,0.7,دل میں کس طرح بھی دیکھ نہ جائے قامت میں بھی نہ نہ ہو رہا پھر
LSTM,RMSprop,دل,1.0,دل سے کیسا میرے تأسف وارد بھی کشاں نہیں تھی دماوند کہاں مجھے نظر نے راستہ
LSTM,RMSprop,دل,1.3,دل کا ساتھ بھرنے محرومئ آنے میں ابھی عزیزان رفتہ ٹھہریں اختیار عیادت کے محو محتسبوں
LSTM,RMSprop,شام,0.7,شام تک نے دل میں رفوگر دے کر اب جو وحشت کو مرے خبر کے لیے
LSTM,RMSprop,شام,1.0,شام ابرام کسی التفاتی میں تو البحر ہوں بس اے ہستی تری دیا جب تری ناداری
LSTM,RMSprop,شام,1.3,شام جنازے ہوں فیصلہ نہ کرے شاہبازی چاکی صبح پٹے گیا تھا نت گزار رہ گئی
LSTM,RMSprop,یاد,0.7,یاد کوئی آتی ہے کہ ہے ہو تو دیکھ ہو ہے جو نے کچھ سے تری
LSTM,RMSprop,یاد,1.0,یاد حاصل ہو جذبات میں اب اللہ اور کبھو وصلت گنگنا ہو گا اپنی پیاس کو
LSTM,RMSprop,یاد,1.3,یاد ناتوان کر خوش چھوڑا بہت کیا مصنف شہر شہر سے پہچان فاتح کی محفل گدگدا
LSTM,RMSprop,خوشی,0.7,خوشی ہیں النعش کو یہاں دل کو بھی کہ ہم کو نظر ہو کے لیے آگ
LSTM,RMSprop,خوشی,1.0,خوشی زمانا ہے بہت دل کی وجہ گلیاں سجے ہے خرے وار جیسے کہاں کے ٹھکراتا
LSTM,RMSprop,خوشی,1.3,خوشی کچھ کہتا ہے مری تجھ کو ہاتھوں سمجھا تھا درویشوں جائیے گھنگرو سمند و حیرت
LSTM,SGD,محبت,0.7,محبت تمہاری کو دل نہیں تھا سے اور اور سال تک سے کے تو ہی کے
LSTM,SGD,محبت,1.0,محبت یہاں ملا بہا کسی یاری پھیر اکثر بلند میں برباد نہ کایا میں کیا تھا
LSTM,SGD,محبت,1.3,محبت کر باتیں پڑا سرفرازی اختیار سے ہوں وصال خاک ہجرتیں خون گئی ڈوبایا ناخداوں باتیں
LSTM,SGD,دل,0.7,دل کو اور ہے کیا کا زمیں کو دل کی کے تو ابھی پر میں کو
LSTM,SGD,دل,1.0,دل تو لے لٹانے ہیں قلب بزم جاں سے کیا بہر اندھیروں پریشانی ہے کہ اور
LSTM,SGD,دل,1.3,دل صدقے اپنی بھی لہرائیں لیا سلیقے تماشے زندہ اوس باجا وہ موسم فراق کتابیں ہر
LSTM,SGD,شام,0.7,شام میں پر جا پایا پر ہی نہیں کی ہے ہے کی نہ جا جا کو
LSTM,SGD,شام,1.0,شام غم یہ خون سیاست والا حقیقتا طرف شریفوں وقت خمیازہ دن شیرازۂ نہیں کا سرے
LSTM,SGD,شام,1.3,شام تیاری کر شعاعوں میں نہ گشتہ سی نامور خانۂ عرصے آ کچھ دل ناآشنا تیرہ
LSTM,SGD,یاد,0.7,یاد ہو کی میں سے آج ہے جب میں سے اس جو ہے انہیں تو میں
LSTM,SGD,یاد,1.0,یاد جسم کٹتی اک چن میں اک گئے در باش میں ہیں ہو ایجاد چنے یہ
LSTM,SGD,یاد,1.3,یاد کوئے نان طلب سیانی کھوئی یاں دشمن نیاز مے ملبوس گرد چھنتی لکھتا سے رونے
LSTM,SGD,خوشی,0.7,خوشی کو درد کے مجھ کر اور گا پھر ہے دام یہ بے کیا کی گا
LSTM,SGD,خوشی,1.0,خوشی سے گیا پر ہوا دبے بجلیوں زندگی کو سے چاند ہم بے چلا پاس راز
LSTM,SGD,خوشی,1.3,خوشی خاکستر سر سینکڑوں ہیں سے ہے جنوں یوں کمی ہجرتوں حقیقت سمجھا کو ملے مرا
Transformer,Adam,محبت,0.7,محبت تو نہ بستر میں سر میں میں نہ کے کو تو میں تھا ہے بھی
Transformer,Adam,محبت,1.0,محبت ہے بہار جلوۂ کسی رہو کو صحبت و میں سا دور بٹ دل لیکن نزاکت
Transformer,Adam,محبت,1.3,محبت نگری مجھ و زبان پڑے نہ بجائے کو زندگی لیکن قد خوشبو کبھی از لائیں
Transformer,Adam,دل,0.7,دل و ہے ہے دل سے دل سے سے ہے دل نہ ہے کہ نے کو
Transformer,Adam,دل,1.0,دل سے جوں کو میں تو کوئی سے کہ ہوں ہے سے بطحا جان کی وہ
Transformer,Adam,دل,1.3,دل دونوں چھپتی کہ پیرہن تک تیرے پہچان دل تسخیر خشک کو موسموں موسم ہلکی آگ
Transformer,Adam,شام,0.7,شام کی میں کو کی عشق ہو ہر ہے رکھتا تو دل کیوں میں سے کا
Transformer,Adam,شام,1.0,شام ہے ہے کچھ چراغاں چلے حیرت ہے ظلم و اپنے شعر سورج ہے آئنہ ہیں
Transformer,Adam,شام,1.3,شام فرشتے چاک اشکوں باد امڈتی مالک طرز تماشائے میرا فصل لب گا زرد میرے ہم
Transformer,Adam,یاد,0.7,یاد نہ سے یاد تنہا کا ہے ہو کی کا میں ہے نگاہ ہے نہ ہے
Transformer,Adam,یاد,1.0,یاد تحریر لوگوں میں و حقیقت مصلحت نے تجھے جائے کچھ ہے سے دل درد ہوا
Transformer,Adam,یاد,1.3,یاد کے اتراو میعاد بارش کا کو گھڑی ہے صدیوں لیے نئے یہ نرگس جلد بہ
Transformer,Adam,خوشی,0.7,خوشی کو ہے بھی تو سے کے گیا کو ہے بھی نہ سے ہر میں ہے
Transformer,Adam,خوشی,1.0,خوشی کہتے ملا ہوں اپنا ہے ساحل ششدر معذور میں ہے سب دل مرگ چندے میں
Transformer,Adam,خوشی,1.3,خوشی رستوں کے دلوں مجھ غضب گریزاں فتنۂ کچھ ملتا بہتر آسماں کسی تمنا ہے دامن
Transformer,RMSprop,محبت,0.7,محبت ہی بھی نہیں کرتے ہیں سب بھی کرتے ہیں کبھی کہ وہ ہے کیا ہو
Transformer,RMSprop,محبت,1.0,محبت سے عزت بھول جائے ہی ہو ان کو پائمالوں مے و طلب جب دیا اک
Transformer,RMSprop,محبت,1.3,محبت کلاہیں آئی چلتے کہہ مٹائی اسد ہی کرمک رکھتا قالب کام آ آتشیں نہیں تخیلات
Transformer,RMSprop,دل,0.7,دل سے ہوا مری نظر کا دل میں اسے جانے ہو کوئی بھی ہے مگر درد
Transformer,RMSprop,دل,1.0,دل میں اچھا نہیں کس پاس نہ بہانۂ معبدوں تو ہیں جب میں تراشے تھی ہم
Transformer,RMSprop,دل,1.3,دل یو خدا قبلہ ناصیہ تھا وفا ملاو ہوا بید کی بھی چکا بھروسہ پریشان عجمی
Transformer,RMSprop,شام,0.7,شام میں ہے کیا ہوتا نہ ہو مرتا ہے جو اب کے لیے بھی دل کے
Transformer,RMSprop,شام,1.0,شام ایک دل کہاں نہیں کہ بہت کو ہیں بھی مرا رنجیدہ کو نہیں اسی راہ
Transformer,RMSprop,شام,1.3,شام آپ حل غازی سا پچھتائیے نہ جرم آئے نکلے ان سے شادمانی کو لاکھوں گبروں
Transformer,RMSprop,یاد,0.7,یاد نہ تھا کہ یہ اس کی ہم کوئی ہر ہم بھی کیا درد نے وہ
Transformer,RMSprop,یاد,1.0,یاد ہو مر رہے آتے کہہ کر دیکھ کہانیوں رکھا نہیں غیر کو موسم کائنات کوئی
Transformer,RMSprop,یاد,1.3,یاد ہوئے تراشتے کے علاوہ یہ بیانوں میں آرزدگئ کی پتلا دوستی تڑپائیں ہیں قرعۂ کئی
Transformer,RMSprop,خوشی,0.7,خوشی ہے اس کی دیا حسن و ہے نہ ہوا ہے یہ ہے اور کہ ہم
Transformer,RMSprop,خوشی,1.0,خوشی آدمی کو بھی ہو ان کا تھیں طرح کچھ ہے تمہیں تھکنے شراب اسباب کوباں
Transformer,RMSprop,خوشی,1.3,خوشی سمندر چھینے سونپی زار رائیگاں اور تخیل رانیں تیشۂ پھر بھی نقصان افسردہ میں وہ
Transformer,SGD,محبت,0.7,محبت کی یہ نہیں کو کچھ پایا تیرا ہیں گیا میں ہے ہے وہ ہے میں
Transformer,SGD,محبت,1.0,محبت ما ہیں کو ہے تو رنگ بلبل کھیل ہر آنکھوں ہے کر کی دل کو
Transformer,SGD,محبت,1.3,محبت رومانوں یہ سنبھالے آساں پہ بنتا کہ دیا کافر گھر شکایت ہوتا دوئی آبلہ گویا
Transformer,SGD,دل,0.7,دل کے میں کی جس اور میں نہیں ہے ہے صورت ہے آئے بھی گے جو
Transformer,SGD,دل,1.0,دل سے تجھ تفصیل بچاتے نہ کے شیشے و بچی کیا کیا رشتۂ جنوں ہیں تھا
Transformer,SGD,دل,1.3,دل لیلی وفاوں نہیں ہے مزاج ہوتا کہ بہ کھڑا خانقاہی اس و اس کر کی
Transformer,SGD,شام,0.7,شام ہوتی کو و کا کہاں کی میں کو ہے بہ ہے سے جنوں یہاں پرسان
Transformer,SGD,شام,1.0,شام ہمیں ہیں تڑپا بھی سا ہو ہوا سے گیا خنجر ہاتھ پیش گئی ہاتھ رے
Transformer,SGD,شام,1.3,شام سمجھتے گی راستی جوار خاک عاشق ہے اکھڑا اس مر کو گزار اہل وہ ہیں
Transformer,SGD,یاد,0.7,یاد بات ہے یہ نہ سے ہے کے کہ سے دی ہو ہے کے میں کے
Transformer,SGD,یاد,1.0,یاد ہے یہ ہم آپ ہیں ہم ہے حنائی گزری بھی دو فقط سوا بھٹکنے و
Transformer,SGD,یاد,1.3,یاد مرو کہہ بیگانے چھپیں افسردگاں نشاں ہولناک دے شفا خواب ہیں میں اپنے شدت حوادث
Transformer,SGD,خوشی,0.7,خوشی پر کی ہے دل کے آنکھ نہ سمجھا اس ہے سے کا ترا گا ہے
Transformer,SGD,خوشی,1.0,خوشی کشاد کہیو کیا ہنر گیا رنگ گئے یہ ہوں ایک قلندر نہ چمن چلمن امید
Transformer,SGD,خوشی,1.3,خوشی زخمہ ان جوہر چلتیں موجزن گوناں آوے و جو کیا بنا تک تمنا ادا دم
